method,transfer_learning,target_training_data_pct_plot_axis,prof,seed,target_train_fraction,threshold,total_samples,actual_faults,accuracy,precision,recall,f1,tn,fp,fn,tp,checkpoint,ratio
No TL + PROF,0,12.5,1,42,0.125,1.8,1521,164,0.8152531229454306,0.3583535108958838,0.902439024390244,0.512998266897747,1092,265,16,148,models_reg_v3\experiments_target_v3_b1_42\exp_10%\target_best_model_v3.pth,0.1
TL + PROF,1,12.5,1,42,0.125,1.8,1521,164,0.7455621301775148,0.2876190476190476,0.9207317073170732,0.4383164005805515,983,374,13,151,models_reg_v3\experiments_transfer_v3_b1_42\exp_0_10%\transfer_best_model.pth,0.1
No TL + PROF,0,25.0,1,42,0.25,1.8,1521,164,0.8994082840236687,0.52,0.8719512195121951,0.6514806378132119,1225,132,21,143,models_reg_v3\experiments_target_v3_b1_42\exp_20%\target_best_model_v3.pth,0.2
TL + PROF,1,25.0,1,42,0.25,1.8,1521,164,0.9395134779750164,0.6463414634146342,0.9695121951219512,0.775609756097561,1270,87,5,159,models_reg_v3\experiments_transfer_v3_b1_42\exp_0_20%\transfer_best_model.pth,0.2
No TL + PROF,0,37.5,1,42,0.375,1.8,1521,164,0.8553583168967784,0.4084967320261438,0.7621951219512195,0.5319148936170213,1176,181,39,125,models_reg_v3\experiments_target_v3_b1_42\exp_30%\target_best_model_v3.pth,0.3
TL + PROF,1,37.5,1,42,0.375,1.8,1521,164,0.9690992767915844,0.8342857142857143,0.8902439024390244,0.8613569321533924,1328,29,18,146,models_reg_v3\experiments_transfer_v3_b1_42\exp_0_30%\transfer_best_model.pth,0.3
No TL + PROF,0,50.0,1,42,0.5,1.8,1521,164,0.9493754109138725,0.7230769230769231,0.8597560975609756,0.7855153203342619,1303,54,23,141,models_reg_v3\experiments_target_v3_b1_42\exp_40%\target_best_model_v3.pth,0.4
TL + PROF,1,50.0,1,42,0.5,1.8,1521,164,0.970414201183432,0.847953216374269,0.8841463414634146,0.8656716417910447,1331,26,19,145,models_reg_v3\experiments_transfer_v3_b1_42\exp_0_40%\transfer_best_model.pth,0.4
No TL + PROF,0,62.5,1,42,0.625,1.8,1521,164,0.9460880999342538,0.7277777777777777,0.7987804878048781,0.7616279069767442,1308,49,33,131,models_reg_v3\experiments_target_v3_b1_42\exp_50%\target_best_model_v3.pth,0.5
TL + PROF,1,62.5,1,42,0.625,1.8,1521,164,0.9710716633793556,0.875,0.8536585365853658,0.8641975308641975,1337,20,24,140,models_reg_v3\experiments_transfer_v3_b1_42\exp_0_50%\transfer_best_model.pth,0.5
No TL + PROF,0,75.0,1,42,0.75,1.8,1521,164,0.9572649572649572,0.7964071856287425,0.8109756097560976,0.8036253776435045,1323,34,31,133,models_reg_v3\experiments_target_v3_b1_42\exp_60%\target_best_model_v3.pth,0.6
TL + PROF,1,75.0,1,42,0.75,1.8,1521,164,0.9822485207100592,0.9790209790209792,0.8536585365853658,0.9120521172638436,1354,3,24,140,models_reg_v3\experiments_transfer_v3_b1_42\exp_0_60%\transfer_best_model.pth,0.6
No TL + PROF,0,87.5,1,42,0.875,1.8,1521,164,0.9697567389875082,0.8734177215189873,0.8414634146341463,0.8571428571428571,1337,20,26,138,models_reg_v3\experiments_target_v3_b1_42\exp_70%\target_best_model_v3.pth,0.7
TL + PROF,1,87.5,1,42,0.875,1.8,1521,164,0.9829059829059827,0.9791666666666666,0.8597560975609756,0.9155844155844156,1354,3,23,141,models_reg_v3\experiments_transfer_v3_b1_42\exp_0_70%\transfer_best_model.pth,0.7
No TL + PROF,0,100.0,1,42,1.0,1.8,1521,164,0.9842209072978304,0.9794520547945206,0.8719512195121951,0.9225806451612903,1354,3,21,143,models_reg_v3\experiments_target_v3_b1_42\exp_80%\target_best_model_v3.pth,0.8
TL + PROF,1,100.0,1,42,1.0,1.8,1521,164,0.9829059829059827,0.9791666666666666,0.8597560975609756,0.9155844155844156,1354,3,23,141,models_reg_v3\experiments_transfer_v3_b1_42\exp_0_80%\transfer_best_model.pth,0.8
No TL + PROF,0,12.5,1,43,0.125,1.8,1521,164,0.4135437212360289,0.1546489563567362,0.9939024390243902,0.2676518883415435,466,891,1,163,models_reg_v3\experiments_target_v3_b1_43\exp_10%\target_best_model_v3.pth,0.1
TL + PROF,1,12.5,1,43,0.125,1.8,1521,164,0.747534516765286,0.2900763358778626,0.926829268292683,0.4418604651162791,985,372,12,152,models_reg_v3\experiments_transfer_v3_b1_43\exp_0_10%\transfer_best_model.pth,0.1
No TL + PROF,0,25.0,1,43,0.25,1.8,1521,164,0.8967784352399737,0.5134099616858238,0.8170731707317073,0.6305882352941177,1230,127,30,134,models_reg_v3\experiments_target_v3_b1_43\exp_20%\target_best_model_v3.pth,0.2
TL + PROF,1,25.0,1,43,0.25,1.8,1521,164,0.9566074950690336,0.7355769230769231,0.9329268292682928,0.8225806451612904,1302,55,11,153,models_reg_v3\experiments_transfer_v3_b1_43\exp_0_20%\transfer_best_model.pth,0.2
No TL + PROF,0,37.5,1,43,0.375,1.8,1521,164,0.9467455621301776,0.6985645933014354,0.8902439024390244,0.7828418230563002,1294,63,18,146,models_reg_v3\experiments_target_v3_b1_43\exp_30%\target_best_model_v3.pth,0.3
TL + PROF,1,37.5,1,43,0.375,1.8,1521,164,0.9789612097304404,0.902439024390244,0.902439024390244,0.902439024390244,1341,16,16,148,models_reg_v3\experiments_transfer_v3_b1_43\exp_0_30%\transfer_best_model.pth,0.3
No TL + PROF,0,50.0,1,43,0.5,1.8,1521,164,0.9119000657462196,0.5652173913043478,0.7926829268292683,0.6598984771573604,1257,100,34,130,models_reg_v3\experiments_target_v3_b1_43\exp_40%\target_best_model_v3.pth,0.4
TL + PROF,1,50.0,1,43,0.5,1.8,1521,164,0.9822485207100592,0.9477124183006536,0.8841463414634146,0.9148264984227128,1349,8,19,145,models_reg_v3\experiments_transfer_v3_b1_43\exp_0_40%\transfer_best_model.pth,0.4
No TL + PROF,0,62.5,1,43,0.625,1.8,1521,164,0.957922419460881,0.7840909090909091,0.8414634146341463,0.8117647058823529,1319,38,26,138,models_reg_v3\experiments_target_v3_b1_43\exp_50%\target_best_model_v3.pth,0.5
TL + PROF,1,62.5,1,43,0.625,1.8,1521,164,0.9710716633793556,0.875,0.8536585365853658,0.8641975308641975,1337,20,24,140,models_reg_v3\experiments_transfer_v3_b1_43\exp_0_50%\transfer_best_model.pth,0.5
No TL + PROF,0,75.0,1,43,0.75,1.8,1521,164,0.9546351084812624,0.7777777777777778,0.8109756097560976,0.7940298507462686,1319,38,31,133,models_reg_v3\experiments_target_v3_b1_43\exp_60%\target_best_model_v3.pth,0.6
TL + PROF,1,75.0,1,43,0.75,1.8,1521,164,0.9835634451019066,0.9929078014184396,0.8536585365853658,0.918032786885246,1356,1,24,140,models_reg_v3\experiments_transfer_v3_b1_43\exp_0_60%\transfer_best_model.pth,0.6
No TL + PROF,0,87.5,1,43,0.875,1.8,1521,164,0.921104536489152,0.602803738317757,0.7865853658536586,0.6825396825396826,1272,85,35,129,models_reg_v3\experiments_target_v3_b1_43\exp_70%\target_best_model_v3.pth,0.7
TL + PROF,1,87.5,1,43,0.875,1.8,1521,164,0.9829059829059827,0.9859154929577464,0.8536585365853658,0.915032679738562,1355,2,24,140,models_reg_v3\experiments_transfer_v3_b1_43\exp_0_70%\transfer_best_model.pth,0.7
No TL + PROF,0,100.0,1,43,1.0,1.8,1521,164,0.9684418145956608,0.8411764705882353,0.8719512195121951,0.8562874251497006,1330,27,21,143,models_reg_v3\experiments_target_v3_b1_43\exp_80%\target_best_model_v3.pth,0.8
TL + PROF,1,100.0,1,43,1.0,1.8,1521,164,0.9809335963182118,0.9591836734693876,0.8597560975609756,0.9067524115755627,1351,6,23,141,models_reg_v3\experiments_transfer_v3_b1_43\exp_0_80%\transfer_best_model.pth,0.8
No TL + PROF,0,12.5,1,44,0.125,1.8,1521,164,0.814595660749507,0.3553921568627451,0.8841463414634146,0.506993006993007,1094,263,19,145,models_reg_v3\experiments_target_v3_b1_44\exp_10%\target_best_model_v3.pth,0.1
TL + PROF,1,12.5,1,44,0.125,1.8,1521,164,0.747534516765286,0.2900763358778626,0.926829268292683,0.4418604651162791,985,372,12,152,models_reg_v3\experiments_transfer_v3_b1_44\exp_0_10%\transfer_best_model.pth,0.1
No TL + PROF,0,25.0,1,44,0.25,1.8,1521,164,0.8671926364234056,0.4427710843373494,0.8963414634146342,0.592741935483871,1172,185,17,147,models_reg_v3\experiments_target_v3_b1_44\exp_20%\target_best_model_v3.pth,0.2
TL + PROF,1,25.0,1,44,0.25,1.8,1521,164,0.9467455621301776,0.6812227074235808,0.951219512195122,0.7938931297709924,1284,73,8,156,models_reg_v3\experiments_transfer_v3_b1_44\exp_0_20%\transfer_best_model.pth,0.2
No TL + PROF,0,37.5,1,44,0.375,1.8,1521,164,0.7777777777777778,0.2967289719626168,0.774390243902439,0.429054054054054,1056,301,37,127,models_reg_v3\experiments_target_v3_b1_44\exp_30%\target_best_model_v3.pth,0.3
TL + PROF,1,37.5,1,44,0.375,1.8,1521,164,0.9789612097304404,0.902439024390244,0.902439024390244,0.902439024390244,1341,16,16,148,models_reg_v3\experiments_transfer_v3_b1_44\exp_0_30%\transfer_best_model.pth,0.3
No TL + PROF,0,50.0,1,44,0.5,1.8,1521,164,0.8895463510848126,0.4924812030075188,0.7987804878048781,0.6093023255813953,1222,135,33,131,models_reg_v3\experiments_target_v3_b1_44\exp_40%\target_best_model_v3.pth,0.4
TL + PROF,1,50.0,1,44,0.5,1.8,1521,164,0.9789612097304404,0.9074074074074074,0.8963414634146342,0.901840490797546,1342,15,17,147,models_reg_v3\experiments_transfer_v3_b1_44\exp_0_40%\transfer_best_model.pth,0.4
No TL + PROF,0,62.5,1,44,0.625,1.8,1521,164,0.8777120315581854,0.4586466165413533,0.7439024390243902,0.5674418604651162,1213,144,42,122,models_reg_v3\experiments_target_v3_b1_44\exp_50%\target_best_model_v3.pth,0.5
TL + PROF,1,62.5,1,44,0.625,1.8,1521,164,0.9697567389875082,0.86875,0.8475609756097561,0.8580246913580247,1336,21,25,139,models_reg_v3\experiments_transfer_v3_b1_44\exp_0_50%\transfer_best_model.pth,0.5
No TL + PROF,0,75.0,1,44,0.75,1.8,1521,164,0.9644970414201184,0.8125,0.8719512195121951,0.8411764705882353,1324,33,21,143,models_reg_v3\experiments_target_v3_b1_44\exp_60%\target_best_model_v3.pth,0.6
TL + PROF,1,75.0,1,44,0.75,1.8,1521,164,0.9842209072978304,1.0,0.8536585365853658,0.9210526315789472,1357,0,24,140,models_reg_v3\experiments_transfer_v3_b1_44\exp_0_60%\transfer_best_model.pth,0.6
No TL + PROF,0,87.5,1,44,0.875,1.8,1521,164,0.9487179487179488,0.7362637362637363,0.8170731707317073,0.7745664739884393,1309,48,30,134,models_reg_v3\experiments_target_v3_b1_44\exp_70%\target_best_model_v3.pth,0.7
TL + PROF,1,87.5,1,44,0.875,1.8,1521,164,0.9835634451019066,1.0,0.8475609756097561,0.9174917491749176,1357,0,25,139,models_reg_v3\experiments_transfer_v3_b1_44\exp_0_70%\transfer_best_model.pth,0.7
No TL + PROF,0,100.0,1,44,1.0,1.8,1521,164,0.9046679815910584,0.532871972318339,0.9390243902439024,0.6799116997792495,1222,135,10,154,models_reg_v3\experiments_target_v3_b1_44\exp_80%\target_best_model_v3.pth,0.8
TL + PROF,1,100.0,1,44,1.0,1.8,1521,164,0.9829059829059827,0.9791666666666666,0.8597560975609756,0.9155844155844156,1354,3,23,141,models_reg_v3\experiments_transfer_v3_b1_44\exp_0_80%\transfer_best_model.pth,0.8
No TL + PROF,0,12.5,1,45,0.125,1.8,1521,164,0.8159105851413544,0.3585365853658536,0.8963414634146342,0.5121951219512195,1094,263,17,147,models_reg_v3\experiments_target_v3_b1_45\exp_10%\target_best_model_v3.pth,0.1
TL + PROF,1,12.5,1,45,0.125,1.8,1521,164,0.7422748191978962,0.2857142857142857,0.926829268292683,0.4367816091954023,977,380,12,152,models_reg_v3\experiments_transfer_v3_b1_45\exp_0_10%\transfer_best_model.pth,0.1
No TL + PROF,0,25.0,1,45,0.25,1.8,1521,164,0.9197896120973044,0.5882352941176471,0.8536585365853658,0.6965174129353234,1259,98,24,140,models_reg_v3\experiments_target_v3_b1_45\exp_20%\target_best_model_v3.pth,0.2
TL + PROF,1,25.0,1,45,0.25,1.8,1521,164,0.9460880999342538,0.6752136752136753,0.9634146341463414,0.7939698492462312,1281,76,6,158,models_reg_v3\experiments_transfer_v3_b1_45\exp_0_20%\transfer_best_model.pth,0.2
No TL + PROF,0,37.5,1,45,0.375,1.8,1521,164,0.7606837606837606,0.2737556561085973,0.7378048780487805,0.3993399339933993,1036,321,43,121,models_reg_v3\experiments_target_v3_b1_45\exp_30%\target_best_model_v3.pth,0.3
TL + PROF,1,37.5,1,45,0.375,1.8,1521,164,0.980276134122288,0.9135802469135802,0.902439024390244,0.9079754601226994,1343,14,16,148,models_reg_v3\experiments_transfer_v3_b1_45\exp_0_30%\transfer_best_model.pth,0.3
No TL + PROF,0,50.0,1,45,0.5,1.8,1521,164,0.873767258382643,0.4513888888888889,0.7926829268292683,0.5752212389380531,1199,158,34,130,models_reg_v3\experiments_target_v3_b1_45\exp_40%\target_best_model_v3.pth,0.4
TL + PROF,1,50.0,1,45,0.5,1.8,1521,164,0.9769888231426692,0.9056603773584906,0.8780487804878049,0.891640866873065,1342,15,20,144,models_reg_v3\experiments_transfer_v3_b1_45\exp_0_40%\transfer_best_model.pth,0.4
No TL + PROF,0,62.5,1,45,0.625,1.8,1521,164,0.8086785009861933,0.3306666666666666,0.7560975609756098,0.4601113172541744,1106,251,40,124,models_reg_v3\experiments_target_v3_b1_45\exp_50%\target_best_model_v3.pth,0.5
TL + PROF,1,62.5,1,45,0.625,1.8,1521,164,0.9796186719263642,0.9403973509933776,0.8658536585365854,0.9015873015873016,1348,9,22,142,models_reg_v3\experiments_transfer_v3_b1_45\exp_0_50%\transfer_best_model.pth,0.5
No TL + PROF,0,75.0,1,45,0.75,1.8,1521,164,0.9638395792241946,0.8343558282208589,0.8292682926829268,0.8318042813455657,1330,27,28,136,models_reg_v3\experiments_target_v3_b1_45\exp_60%\target_best_model_v3.pth,0.6
TL + PROF,1,75.0,1,45,0.75,1.8,1521,164,0.9842209072978304,1.0,0.8536585365853658,0.9210526315789472,1357,0,24,140,models_reg_v3\experiments_transfer_v3_b1_45\exp_0_60%\transfer_best_model.pth,0.6
No TL + PROF,0,87.5,1,45,0.875,1.8,1521,164,0.7514792899408284,0.2534562211981567,0.6707317073170732,0.3678929765886287,1033,324,54,110,models_reg_v3\experiments_target_v3_b1_45\exp_70%\target_best_model_v3.pth,0.7
TL + PROF,1,87.5,1,45,0.875,1.8,1521,164,0.9835634451019066,1.0,0.8475609756097561,0.9174917491749176,1357,0,25,139,models_reg_v3\experiments_transfer_v3_b1_45\exp_0_70%\transfer_best_model.pth,0.7
No TL + PROF,0,100.0,1,45,1.0,1.8,1521,164,0.9868507560815252,0.9864864864864864,0.8902439024390244,0.935897435897436,1355,2,18,146,models_reg_v3\experiments_target_v3_b1_45\exp_80%\target_best_model_v3.pth,0.8
TL + PROF,1,100.0,1,45,1.0,1.8,1521,164,0.9829059829059827,0.9726027397260274,0.8658536585365854,0.9161290322580644,1353,4,22,142,models_reg_v3\experiments_transfer_v3_b1_45\exp_0_80%\transfer_best_model.pth,0.8
No TL + PROF,0,12.5,1,46,0.125,1.8,1521,164,0.7015121630506246,0.2591362126245847,0.951219512195122,0.4073107049608355,911,446,8,156,models_reg_v3\experiments_target_v3_b1_46\exp_10%\target_best_model_v3.pth,0.1
TL + PROF,1,12.5,1,46,0.125,1.8,1521,164,0.7633136094674556,0.304,0.926829268292683,0.4578313253012048,1009,348,12,152,models_reg_v3\experiments_transfer_v3_b1_46\exp_0_10%\transfer_best_model.pth,0.1
No TL + PROF,0,25.0,1,46,0.25,1.8,1521,164,0.5798816568047337,0.1895424836601307,0.8841463414634146,0.3121636167922497,737,620,19,145,models_reg_v3\experiments_target_v3_b1_46\exp_20%\target_best_model_v3.pth,0.2
TL + PROF,1,25.0,1,46,0.25,1.8,1521,164,0.935568704799474,0.6375,0.9329268292682928,0.7574257425742574,1270,87,11,153,models_reg_v3\experiments_transfer_v3_b1_46\exp_0_20%\transfer_best_model.pth,0.2
No TL + PROF,0,37.5,1,46,0.375,1.8,1521,164,0.725180802103879,0.241869918699187,0.725609756097561,0.3628048780487805,984,373,45,119,models_reg_v3\experiments_target_v3_b1_46\exp_30%\target_best_model_v3.pth,0.3
TL + PROF,1,37.5,1,46,0.375,1.8,1521,164,0.9789612097304404,0.902439024390244,0.902439024390244,0.902439024390244,1341,16,16,148,models_reg_v3\experiments_transfer_v3_b1_46\exp_0_30%\transfer_best_model.pth,0.3
No TL + PROF,0,50.0,1,46,0.5,1.8,1521,164,0.967784352399737,0.8484848484848485,0.8536585365853658,0.851063829787234,1332,25,24,140,models_reg_v3\experiments_target_v3_b1_46\exp_40%\target_best_model_v3.pth,0.4
TL + PROF,1,50.0,1,46,0.5,1.8,1521,164,0.9829059829059827,0.948051948051948,0.8902439024390244,0.9182389937106918,1349,8,18,146,models_reg_v3\experiments_transfer_v3_b1_46\exp_0_40%\transfer_best_model.pth,0.4
No TL + PROF,0,62.5,1,46,0.625,1.8,1521,164,0.9072978303747534,0.5497835497835498,0.774390243902439,0.6430379746835443,1253,104,37,127,models_reg_v3\experiments_target_v3_b1_46\exp_50%\target_best_model_v3.pth,0.5
TL + PROF,1,62.5,1,46,0.625,1.8,1521,164,0.9710716633793556,0.875,0.8536585365853658,0.8641975308641975,1337,20,24,140,models_reg_v3\experiments_transfer_v3_b1_46\exp_0_50%\transfer_best_model.pth,0.5
No TL + PROF,0,75.0,1,46,0.75,1.8,1521,164,0.9572649572649572,0.803680981595092,0.7987804878048781,0.8012232415902141,1325,32,33,131,models_reg_v3\experiments_target_v3_b1_46\exp_60%\target_best_model_v3.pth,0.6
TL + PROF,1,75.0,1,46,0.75,1.8,1521,164,0.9822485207100592,0.9790209790209792,0.8536585365853658,0.9120521172638436,1354,3,24,140,models_reg_v3\experiments_transfer_v3_b1_46\exp_0_60%\transfer_best_model.pth,0.6
No TL + PROF,0,87.5,1,46,0.875,1.8,1521,164,0.9585798816568049,0.8300653594771242,0.774390243902439,0.8012618296529969,1331,26,37,127,models_reg_v3\experiments_target_v3_b1_46\exp_70%\target_best_model_v3.pth,0.7
TL + PROF,1,87.5,1,46,0.875,1.8,1521,164,0.9829059829059827,0.9859154929577464,0.8536585365853658,0.915032679738562,1355,2,24,140,models_reg_v3\experiments_transfer_v3_b1_46\exp_0_70%\transfer_best_model.pth,0.7
No TL + PROF,0,100.0,1,46,1.0,1.8,1521,164,0.975016436554898,0.9256756756756755,0.8353658536585366,0.8782051282051282,1346,11,27,137,models_reg_v3\experiments_target_v3_b1_46\exp_80%\target_best_model_v3.pth,0.8
TL + PROF,1,100.0,1,46,1.0,1.8,1521,164,0.9835634451019066,0.986013986013986,0.8597560975609756,0.9185667752442996,1355,2,23,141,models_reg_v3\experiments_transfer_v3_b1_46\exp_0_80%\transfer_best_model.pth,0.8
