transfer_learning,ratio,target_training_data_pct_plot_axis,accuracy_mean,accuracy_std,precision_mean,precision_std,recall_mean,recall_std,f1_mean,f1_std,configuration
0,0.1,12.5,0.7121630506245891,0.1740477655968425,0.2972134844211607,0.090357493828086,0.9256097560975608,0.0459142697488212,0.4414297978288705,0.1069943755330477,Target-only
0,0.2,25.0,0.8326101249178173,0.1425196984553623,0.4507917647601902,0.1548523977560596,0.8646341463414634,0.0309116874527721,0.5766983676637547,0.1525525645955866,Target-only
0,0.3,37.5,0.8131492439184747,0.0885604262420477,0.3838831744195961,0.1867631606494575,0.7780487804878049,0.0656161026942176,0.5011911165539111,0.1695576901330344,Target-only
0,0.4,50.0,0.918474687705457,0.0395762753340433,0.6161298509525054,0.1661679665142585,0.8195121951219513,0.0341136603187788,0.6962002383596609,0.1177549353855681,Target-only
0,0.5,62.5,0.8995397764628533,0.0599326468854872,0.5701931039720514,0.1876281451312892,0.7829268292682927,0.0387087079222045,0.6487967530523864,0.1427790239356268,Target-only
0,0.6,75.0,0.959500328731098,0.0044005787062936,0.8049443546444943,0.0208244136747715,0.8243902439024391,0.0287298024131457,0.8143718443827577,0.0207638318498692,Target-only
0,0.7,87.5,0.9099276791584484,0.0903908905890387,0.6592013553551523,0.2494151033357374,0.7780487804878049,0.0654742911977858,0.6966807639825209,0.1943275879700557,Target-only
0,0.8,100.0,0.9638395792241946,0.0338832313654835,0.8531325319726515,0.1882233913483268,0.8817073170731706,0.03773597182138,0.8545764668385608,0.1028429508355166,Target-only
1,0.1,12.5,0.7492439184746877,0.0081535915833938,0.2914972010178117,0.0072256467024231,0.9256097560975608,0.0027269121676826,0.4433300530619434,0.0084057287354318,Transfer learning
1,0.2,25.0,0.9449046679815912,0.0080307331937422,0.6751709538257626,0.0385218994450102,0.95,0.0169200450311116,0.7886958245700665,0.0242490803961074,Transfer learning
1,0.3,37.5,0.9772518080210388,0.0045928334507752,0.8910366068740053,0.0320894254055971,0.9,0.0054538243353653,0.8953298930893647,0.0191421764953144,Transfer learning
1,0.4,50.0,0.9783037475345168,0.005028618849697,0.9113570734985535,0.0410375627369285,0.8865853658536584,0.0069522891774337,0.8984436983190122,0.0211664490572826,Transfer learning
1,0.5,62.5,0.972518080210388,0.0040099804554837,0.8868294701986755,0.0300674000831642,0.8548780487804878,0.0066795433842093,0.8704409171075838,0.0176153309887632,Transfer learning
1,0.6,75.0,0.9833004602235372,0.0009970907881724,0.9901899518920796,0.0105989705136645,0.853658536585366,0.0,0.9168484569141656,0.0045486963733273,Transfer learning
1,0.7,87.5,0.9831689677843524,0.0003601068754143,0.990199530516432,0.0093612024405603,0.8524390243902438,0.0051015855276468,0.916126654682275,0.0012663482481012,Transfer learning
1,0.8,100.0,0.9826429980276132,0.0009970907881724,0.9752267465085468,0.0101449012068492,0.8609756097560975,0.0027269121676826,0.9145234100493516,0.0045157144381407,Transfer learning
