threshold,accuracy,precision,recall,f1,tp,fp,fn,tn,total_samples,actual_faults
0.0,0.04344193817878028,0.04344193817878028,1.0,0.08326661329063251,676,14885,0,0,15561,676
0.1,0.09915815178973074,0.045572207084468665,0.9896449704142012,0.08713206564209429,669,14011,7,874,15561,676
0.2,0.17389627915943706,0.04935987567527566,0.9866863905325444,0.09401649164846007,667,12846,9,2039,15561,676
0.3,0.24882719619561725,0.053876691241999515,0.9837278106508875,0.10215838390045319,665,11678,11,3207,15561,676
0.4,0.32266563845511215,0.059012875536480686,0.9763313609467456,0.11129848229342328,660,10524,16,4361,15561,676
0.5,0.44180965233596814,0.07037116498605449,0.9704142011834319,0.1312262452490498,656,8666,20,6219,15561,676
0.6,0.5641025641025641,0.087643484132343,0.9600591715976331,0.1606236851874768,649,6756,27,8129,15561,676
0.7,0.6689158794421952,0.11253462603878116,0.9615384615384616,0.2014879107253565,650,5126,26,9759,15561,676
0.8,0.7702589807852965,0.15479876160990713,0.9615384615384616,0.26666666666666666,650,3549,26,11336,15561,676
0.9,0.8723089775721354,0.24933078393881453,0.9644970414201184,0.3962321482831966,652,1963,24,12922,15561,676
1.0,0.9271255060728745,0.36914285714285716,0.9556213017751479,0.5325638911788954,646,1104,30,13781,15561,676
1.1,0.9494891073838442,0.46048850574712646,0.9482248520710059,0.6199226305609284,641,751,35,14134,15561,676
1.2,0.9688323372533899,0.5886722376973074,0.9378698224852071,0.7233314318311467,634,443,42,14442,15561,676
1.3,0.9793715056872951,0.6961325966850829,0.9319526627218935,0.7969639468690701,630,275,46,14610,15561,676
1.4,0.9847053531264057,0.7703703703703704,0.9230769230769231,0.8398384925975774,624,186,52,14699,15561,676
1.5,0.9868903026797764,0.8105263157894737,0.9112426035502958,0.8579387186629526,616,144,60,14741,15561,676
1.6,0.9881755671229355,0.8426183844011143,0.8949704142011834,0.8680057388809181,605,113,71,14772,15561,676
1.7,0.9904247798984641,0.8950524737631185,0.8831360946745562,0.889054355919583,597,70,79,14815,15561,676
1.8,0.9910674121200437,0.9149922720247295,0.8757396449704142,0.8949357520786092,592,55,84,14830,15561,676
1.9,0.990681832787096,0.9207606973058637,0.8594674556213018,0.8890589135424637,581,50,95,14835,15561,676
2.0,0.990681832787096,0.9447236180904522,0.834319526627219,0.8860958366064414,564,33,112,14852,15561,676
2.1,0.9910031488978858,0.9668989547038328,0.8210059171597633,0.888,555,19,121,14866,15561,676
2.2,0.9910031488978858,0.975177304964539,0.8136094674556213,0.8870967741935484,550,14,126,14871,15561,676
2.3,0.9907460960092539,0.9836363636363636,0.8002958579881657,0.8825448613376835,541,9,135,14876,15561,676
2.4,0.9902319902319903,0.9888059701492538,0.7840236686390533,0.8745874587458746,530,6,146,14879,15561,676
2.5,0.9895893580104106,0.9923371647509579,0.7662721893491125,0.8647746243739566,518,4,158,14881,15561,676
2.6,0.9885611464558833,0.9940476190476191,0.7411242603550295,0.8491525423728813,501,3,175,14882,15561,676
2.7,0.9878542510121457,0.9919191919191919,0.7263313609467456,0.8385994876174211,491,4,185,14881,15561,676
2.8,0.9872116187905662,0.9937888198757764,0.7100591715976331,0.8283002588438308,480,3,196,14882,15561,676
2.9,0.9865047233468286,1.0,0.6893491124260355,0.8161120840630472,466,0,210,14885,15561,676
3.0,0.985797827903091,1.0,0.6730769230769231,0.8045977011494253,455,0,221,14885,15561,676
3.1,0.9851551956815114,1.0,0.658284023668639,0.7939339875111507,445,0,231,14885,15561,676
3.2,0.984448300237774,1.0,0.6420118343195266,0.781981981981982,434,0,242,14885,15561,676
3.3,0.9838699312383523,1.0,0.628698224852071,0.7720254314259763,425,0,251,14885,15561,676
3.4,0.982777456461667,1.0,0.6035502958579881,0.7527675276752768,408,0,268,14885,15561,676
3.5,0.9816207184628237,1.0,0.5769230769230769,0.7317073170731707,390,0,286,14885,15561,676
3.6,0.9807852965747702,1.0,0.5576923076923077,0.7160493827160493,377,0,299,14885,15561,676
3.7,0.9798213482424009,1.0,0.5355029585798816,0.6974951830443159,362,0,314,14885,15561,676
3.8,0.9787931366878735,1.0,0.5118343195266272,0.6771037181996085,346,0,330,14885,15561,676
3.9,0.9775721354668723,1.0,0.48372781065088755,0.6520438683948155,327,0,349,14885,15561,676
4.0,0.9769937664674507,1.0,0.47041420118343197,0.6398390342052314,318,0,358,14885,15561,676
4.1,0.976351134245871,1.0,0.4556213017751479,0.6260162601626017,308,0,368,14885,15561,676
4.2,0.9755799755799756,1.0,0.4378698224852071,0.6090534979423868,296,0,380,14885,15561,676
4.3,0.9746160272476062,1.0,0.4156804733727811,0.587251828631139,281,0,395,14885,15561,676
4.4,0.9726881305828674,1.0,0.371301775147929,0.5415318230852211,251,0,425,14885,15561,676
4.5,0.9715313925840242,1.0,0.34467455621301774,0.5126512651265126,233,0,443,14885,15561,676
4.6,0.9706317074738128,1.0,0.3239644970414201,0.4893854748603352,219,0,457,14885,15561,676
4.7,0.9698605488079173,1.0,0.3062130177514793,0.4688561721404304,207,0,469,14885,15561,676
4.8,0.9690893901420217,1.0,0.28846153846153844,0.44776119402985076,195,0,481,14885,15561,676
4.9,0.9678683889210205,1.0,0.2603550295857988,0.4131455399061033,176,0,500,14885,15561,676
5.0,0.9672900199215989,1.0,0.2470414201183432,0.3962040332147094,167,0,509,14885,15561,676
5.1,0.9661332819227556,1.0,0.22041420118343194,0.36121212121212115,149,0,527,14885,15561,676
5.2,0.9652335968125442,1.0,0.1997041420118343,0.3329223181257706,135,0,541,14885,15561,676
5.3,0.9644624381466487,1.0,0.1819526627218935,0.30788485607008764,123,0,553,14885,15561,676
5.4,0.9636912794807532,1.0,0.16420118343195267,0.28208386277001274,111,0,565,14885,15561,676
5.5,0.9624060150375939,1.0,0.1346153846153846,0.23728813559322035,91,0,585,14885,15561,676
5.6,0.9620846989268041,1.0,0.12721893491124261,0.22572178477690288,86,0,590,14885,15561,676
5.7,0.9615705931495405,1.0,0.11538461538461539,0.20689655172413793,78,0,598,14885,15561,676
5.8,0.960927960927961,1.0,0.10059171597633136,0.18279569892473116,68,0,608,14885,15561,676
5.9,0.9602853287063814,1.0,0.08579881656804733,0.15803814713896455,58,0,618,14885,15561,676
6.0,0.9594499068183279,1.0,0.06656804733727811,0.12482662968099863,45,0,631,14885,15561,676
