method,transfer_learning,prof,seed,target_train_fraction,threshold,total_samples,actual_faults,accuracy,precision,recall,f1,tn,fp,fn,tp,checkpoint
No TL + No PROF,0,0,42,1.0,1.8,1521,164,0.9526627218934911,0.8026315789473685,0.7439024390243902,0.7721518987341772,1327,30,42,122,models_reg_v3\experiments_target_v3_b1_42\exp_80%\target_best_model_v3.pth
No TL + No PROF,0,0,43,1.0,1.8,1521,164,0.9506903353057199,0.7870967741935484,0.7439024390243902,0.7648902821316614,1324,33,42,122,models_reg_v3\experiments_target_v3_b1_43\exp_80%\target_best_model_v3.pth
No TL + No PROF,0,0,44,1.0,1.8,1521,164,0.9493754109138725,0.7735849056603774,0.75,0.7616099071207431,1321,36,41,123,models_reg_v3\experiments_target_v3_b1_44\exp_80%\target_best_model_v3.pth
No TL + No PROF,0,0,45,1.0,1.8,1521,164,0.9421433267587114,0.7289156626506024,0.7378048780487805,0.7333333333333333,1312,45,43,121,models_reg_v3\experiments_target_v3_b1_45\exp_80%\target_best_model_v3.pth
No TL + No PROF,0,0,46,1.0,1.8,1521,164,0.9395134779750164,0.7278481012658228,0.7012195121951219,0.7142857142857143,1314,43,49,115,models_reg_v3\experiments_target_v3_b1_46\exp_80%\target_best_model_v3.pth
No TL + PROF,0,1,42,1.0,1.8,1521,164,0.9842209072978304,0.9794520547945206,0.8719512195121951,0.9225806451612903,1354,3,21,143,models_reg_v3\experiments_target_v3_b1_42\exp_80%\target_best_model_v3.pth
No TL + PROF,0,1,43,1.0,1.8,1521,164,0.9684418145956607,0.8411764705882353,0.8719512195121951,0.8562874251497006,1330,27,21,143,models_reg_v3\experiments_target_v3_b1_43\exp_80%\target_best_model_v3.pth
No TL + PROF,0,1,44,1.0,1.8,1521,164,0.9046679815910585,0.532871972318339,0.9390243902439024,0.6799116997792495,1222,135,10,154,models_reg_v3\experiments_target_v3_b1_44\exp_80%\target_best_model_v3.pth
No TL + PROF,0,1,45,1.0,1.8,1521,164,0.9868507560815253,0.9864864864864865,0.8902439024390244,0.9358974358974359,1355,2,18,146,models_reg_v3\experiments_target_v3_b1_45\exp_80%\target_best_model_v3.pth
No TL + PROF,0,1,46,1.0,1.8,1521,164,0.9750164365548981,0.9256756756756757,0.8353658536585366,0.8782051282051282,1346,11,27,137,models_reg_v3\experiments_target_v3_b1_46\exp_80%\target_best_model_v3.pth
TL + No PROF,1,0,42,1.0,1.8,1521,164,0.9533201840894149,0.8251748251748252,0.7195121951219512,0.7687296416938111,1332,25,46,118,models_reg_v3\experiments_transfer_v3_b1_42\exp_0_80%\transfer_best_model.pth
TL + No PROF,1,0,43,1.0,1.8,1521,164,0.9526627218934911,0.823943661971831,0.7134146341463414,0.7647058823529411,1332,25,47,117,models_reg_v3\experiments_transfer_v3_b1_43\exp_0_80%\transfer_best_model.pth
TL + No PROF,1,0,44,1.0,1.8,1521,164,0.9526627218934911,0.8194444444444444,0.7195121951219512,0.7662337662337663,1331,26,46,118,models_reg_v3\experiments_transfer_v3_b1_44\exp_0_80%\transfer_best_model.pth
TL + No PROF,1,0,45,1.0,1.8,1521,164,0.9546351084812623,0.8321678321678322,0.725609756097561,0.7752442996742671,1333,24,45,119,models_reg_v3\experiments_transfer_v3_b1_45\exp_0_80%\transfer_best_model.pth
TL + No PROF,1,0,46,1.0,1.8,1521,164,0.9526627218934911,0.8194444444444444,0.7195121951219512,0.7662337662337663,1331,26,46,118,models_reg_v3\experiments_transfer_v3_b1_46\exp_0_80%\transfer_best_model.pth
TL + PROF,1,1,42,1.0,1.8,1521,164,0.9829059829059829,0.9791666666666666,0.8597560975609756,0.9155844155844156,1354,3,23,141,models_reg_v3\experiments_transfer_v3_b1_42\exp_0_80%\transfer_best_model.pth
TL + PROF,1,1,43,1.0,1.8,1521,164,0.9809335963182118,0.9591836734693877,0.8597560975609756,0.9067524115755627,1351,6,23,141,models_reg_v3\experiments_transfer_v3_b1_43\exp_0_80%\transfer_best_model.pth
TL + PROF,1,1,44,1.0,1.8,1521,164,0.9829059829059829,0.9791666666666666,0.8597560975609756,0.9155844155844156,1354,3,23,141,models_reg_v3\experiments_transfer_v3_b1_44\exp_0_80%\transfer_best_model.pth
TL + PROF,1,1,45,1.0,1.8,1521,164,0.9829059829059829,0.9726027397260274,0.8658536585365854,0.9161290322580645,1353,4,22,142,models_reg_v3\experiments_transfer_v3_b1_45\exp_0_80%\transfer_best_model.pth
TL + PROF,1,1,46,1.0,1.8,1521,164,0.9835634451019066,0.986013986013986,0.8597560975609756,0.9185667752442996,1355,2,23,141,models_reg_v3\experiments_transfer_v3_b1_46\exp_0_80%\transfer_best_model.pth
