transfer_learning,ratio,accuracy_mean,accuracy_std,precision_mean,precision_std,recall_mean,recall_std,f1_mean,f1_std
0,0.1,0.7121630506245891,0.17404776559684254,0.2972134844211607,0.09035749382808601,0.9256097560975609,0.04591426974882121,0.4414297978288705,0.1069943755330477
0,0.2,0.8326101249178173,0.1425196984553623,0.4507917647601902,0.1548523977560596,0.8646341463414634,0.03091168745277216,0.5766983676637547,0.1525525645955866
0,0.3,0.8131492439184747,0.08856042624204777,0.3838831744195961,0.1867631606494575,0.7780487804878049,0.0656161026942176,0.5011911165539111,0.16955769013303448
0,0.4,0.918474687705457,0.039576275334043384,0.6161298509525054,0.16616796651425855,0.8195121951219513,0.03411366031877889,0.6962002383596609,0.11775493538556811
0,0.5,0.8995397764628533,0.05993264688548722,0.5701931039720514,0.18762814513128928,0.7829268292682927,0.03870870792220456,0.6487967530523864,0.14277902393562683
0,0.6,0.959500328731098,0.004400578706293624,0.8049443546444943,0.020824413674771558,0.8243902439024391,0.028729802413145714,0.8143718443827577,0.02076383184986923
0,0.7,0.9099276791584483,0.09039089058903876,0.6592013553551523,0.2494151033357374,0.7780487804878049,0.06547429119778587,0.6966807639825209,0.19432758797005573
0,0.8,0.9638395792241946,0.033883231365483546,0.8531325319726515,0.18822339134832686,0.8817073170731706,0.037735971821380006,0.8545764668385608,0.10284295083551664
1,0.1,0.7492439184746877,0.008153591583393805,0.2914972010178117,0.0072256467024231575,0.9256097560975609,0.0027269121676826887,0.4433300530619434,0.008405728735431899
1,0.2,0.9449046679815911,0.008030733193742258,0.6751709538257626,0.03852189944501027,0.95,0.016920045031111657,0.7886958245700665,0.024249080396107407
1,0.3,0.9772518080210387,0.0045928334507752775,0.8910366068740053,0.03208942540559716,0.9,0.005453824335365337,0.8953298930893647,0.019142176495314495
1,0.4,0.9783037475345168,0.005028618849697032,0.9113570734985537,0.041037562736928546,0.8865853658536584,0.006952289177433771,0.8984436983190122,0.02116644905728261
1,0.5,0.9725180802103879,0.004009980455483716,0.8868294701986755,0.030067400083164206,0.8548780487804878,0.006679543384209365,0.8704409171075838,0.017615330988763285
1,0.6,0.9833004602235371,0.000997090788172441,0.9901899518920796,0.010598970513664534,0.853658536585366,0.0,0.9168484569141656,0.004548696373327363
1,0.7,0.9831689677843525,0.00036010687541432915,0.990199530516432,0.009361202440560363,0.8524390243902438,0.0051015855276468,0.916126654682275,0.0012663482481012629
1,0.8,0.9826429980276133,0.0009970907881724526,0.9752267465085469,0.01014490120684927,0.8609756097560975,0.0027269121676826605,0.9145234100493516,0.004515714438140762
