epoch,train_loss_scaled,validation_loss_scaled
1,0.005969931526133457,0.003789620711662186
2,0.004071829921733111,0.002881268478328517
3,0.003582732394958536,0.0025467824913600148
4,0.0033264586833329536,0.0023217217434042445
5,0.003070227924782114,0.0021969085307015726
6,0.002966129422808687,0.0020924664325624085
7,0.0028402225794987037,0.0019524351228028536
8,0.0027778378162437523,0.0018611189031313795
9,0.0026791832666509807,0.00181700442287062
10,0.002592892539448654,0.0016961704168352298
11,0.0025371547925691954,0.001684391354501713
12,0.002522317056830686,0.0016093219916607875
13,0.002463109381735707,0.0015346639387037915
14,0.0024116361185382955,0.001477271153513963
15,0.002417471117745989,0.0014376738011681784
16,0.002348668248249361,0.0013972353820766632
17,0.002335702403424642,0.0013614728862497334
18,0.0023303401925099583,0.0013419188010933187
19,0.002278632344081043,0.001334603708528448
20,0.002266426605339616,0.0012914727146077591
21,0.0022190637862644132,0.0012792277193511836
22,0.002186305045436781,0.0012546324821111436
23,0.0022222399813099166,0.0012300204834900796
24,0.0021638953073236803,0.0012277399582671933
25,0.002171360881617054,0.0012008482129507077
26,0.002136784539414713,0.0011894758523946318
27,0.0020954985631247746,0.001194302424361619
28,0.0021149633953777645,0.001181974543821222
29,0.0020677035399832024,0.001166378533525858
30,0.002077216879488566,0.0011611491378668386
31,0.0020396028752796926,0.0011419748843763955
32,0.0020192160760649502,0.0011421028769594461
33,0.001986190466544567,0.0011327481637029753
34,0.0019896511358614916,0.0011272292576904874
35,0.00195388212823906,0.0011276932370189268
36,0.0019652556413068223,0.0011267299099320856
37,0.0019428343637488208,0.0011154471067129634
38,0.0019202586352968444,0.001104173251709047
39,0.001925892788821306,0.0011036497368574298
40,0.0018789976172579022,0.001113577448753252
41,0.0018721523873794538,0.0011000007689290214
42,0.0018795839009376673,0.0011105011920638692
43,0.0018668001278852805,0.0010985989829350729
44,0.0018149503805220892,0.001110207168191361
45,0.0017890106982145553,0.001113931110012345
46,0.0017993609773186154,0.0010835923324824155
47,0.0018116473596399793,0.0010893553141310501
48,0.0018033243417262268,0.0011042293966359769
49,0.0017561373903822058,0.0011040878574325081
50,0.0017633159567291537,0.0010710975960440312
51,0.0017641402201918073,0.0010760034601844382
52,0.0017380085170794373,0.001078915183218972
53,0.0017207340008985157,0.001068897432560334
54,0.0017095272781518407,0.0010595504027151037
55,0.0017461775503575037,0.001069180225992265
56,0.0016910145375638819,0.001052498538532139
57,0.0016959864753656663,0.001054651866676674
58,0.0016753724561287806,0.00104765635842341
59,0.0016776988133549308,0.0010584633600956295
60,0.0016775440347070495,0.0010886769766026798
61,0.0016744803329810309,0.0010316594962205272
62,0.0016684292481304744,0.0010552833215721573
63,0.0016605016647073894,0.001042775892225715
64,0.0016338137408288625,0.001060721561467896
65,0.0016274123906325072,0.0010438867405658432
66,0.0016451623571367981,0.001040859161245559
67,0.0016033583463957676,0.001046371528597471
68,0.0016292887572676707,0.001033787832663317
69,0.0016116105211086763,0.0010554569077309377
70,0.0016192371813723674,0.0010428975195585128
71,0.0016170878411055757,0.0010963462700601667
