model,seed,epoch,train_loss,validation_loss
LSTM,42,1,0.007765821646284656,0.0015301285699233183
LSTM,42,2,0.002018423664376218,0.0013942948209630425
LSTM,42,3,0.0016327458799332577,0.001214839179559275
LSTM,42,4,0.001455061143307587,0.0012533556822387762
LSTM,42,5,0.0013840447572938828,0.0012651299624789705
LSTM,42,6,0.0013150935412569687,0.0009497367587218683
LSTM,42,7,0.001251976487878792,0.001078942711471621
LSTM,42,8,0.001228850169065134,0.0008741707849859253
LSTM,42,9,0.0011981905513465988,0.0009049923609396859
LSTM,42,10,0.0011687683615372365,0.0009018060374624152
LSTM,42,11,0.0011412475902440556,0.00098807065350244
LSTM,42,12,0.0011105699160176418,0.0009511123541012582
LSTM,42,13,0.001090799998729543,0.0008400258139906819
LSTM,42,14,0.0010855205102844971,0.00088604976849265
LSTM,42,15,0.001080886616624266,0.001091354964508534
LSTM,42,16,0.0010440596910222231,0.0008711337529765857
LSTM,42,17,0.001030529971329107,0.000974187967406832
LSTM,42,18,0.001021128892816649,0.0008231737998268399
LSTM,42,19,0.0009961342011072993,0.0008836513942562723
LSTM,42,20,0.0009932374714696805,0.0008975078800869864
LSTM,42,21,0.0009818765062534905,0.0008986112952847119
LSTM,42,22,0.0009742194806940677,0.0009387106358756638
LSTM,42,23,0.0009639641926759033,0.0009181138575662712
LSTM,42,24,0.0009512095641477481,0.0008416412739712004
LSTM,42,25,0.0009462839837076279,0.0008050921334542495
LSTM,42,26,0.0009314778842758502,0.0008356091065565362
LSTM,42,27,0.0009193267808303978,0.0009165610695237744
LSTM,42,28,0.0009567557728424236,0.0008218355329726826
LSTM,42,29,0.0009134496489896873,0.0008627727841440737
LSTM,42,30,0.0008995744738682348,0.0008797902221990402
LSTM,42,31,0.0009006158662849354,0.0008367489203099795
LSTM,42,32,0.0008847499136745818,0.0008461576391586963
LSTM,42,33,0.002265894498119889,0.0017881489472872136
LSTM,42,34,0.0017047132450490109,0.0011184462819073815
LSTM,42,35,0.0014007925535609541,0.0010105962715360726
XGBoost,42,1,,0.010173878723508221
XGBoost,42,2,,0.009270693497819388
XGBoost,42,3,,0.008458762562736373
XGBoost,42,4,,0.0077246640820717435
XGBoost,42,5,,0.007063801585366304
XGBoost,42,6,,0.006463603916758672
XGBoost,42,7,,0.005921508059275314
XGBoost,42,8,,0.0054325973632525166
XGBoost,42,9,,0.004989696889183751
XGBoost,42,10,,0.004589504332677608
XGBoost,42,11,,0.004226339171458158
XGBoost,42,12,,0.0039001959660539
XGBoost,42,13,,0.0036057601441674275
XGBoost,42,14,,0.0033379553507573816
XGBoost,42,15,,0.0030954156840872385
XGBoost,42,16,,0.0028776938044111308
XGBoost,42,17,,0.002679478302736373
XGBoost,42,18,,0.0025005489430097506
XGBoost,42,19,,0.0023392988568593123
XGBoost,42,20,,0.0021931720452060513
XGBoost,42,21,,0.002060754873423915
XGBoost,42,22,,0.001941356895664342
XGBoost,42,23,,0.0018339244210711725
XGBoost,42,24,,0.0017356384272512358
XGBoost,42,25,,0.0016472529818942366
XGBoost,42,26,,0.0015668455530362057
XGBoost,42,27,,0.001494224460901126
XGBoost,42,28,,0.0014284074483739326
XGBoost,42,29,,0.0013694638374782775
XGBoost,42,30,,0.0013155736756932585
XGBoost,42,31,,0.0012666735796629022
XGBoost,42,32,,0.0012228686144676107
XGBoost,42,33,,0.001182778909379927
XGBoost,42,34,,0.0011466179487140292
XGBoost,42,35,,0.0011139474617646065
XGBoost,42,36,,0.0010841839093948674
XGBoost,42,37,,0.0010573685405071106
XGBoost,42,38,,0.0010328161887941225
XGBoost,42,39,,0.001010874753084979
XGBoost,42,40,,0.0009906400070051758
XGBoost,42,41,,0.0009721614907150463
XGBoost,42,42,,0.0009557643711386145
XGBoost,42,43,,0.0009410266910329547
XGBoost,42,44,,0.0009273384540531977
XGBoost,42,45,,0.0009153091978199149
XGBoost,42,46,,0.000904440052603633
XGBoost,42,47,,0.0008939255686311818
XGBoost,42,48,,0.0008847751985003222
XGBoost,42,49,,0.0008764100297515895
XGBoost,42,50,,0.0008686700325787509
XGBoost,42,51,,0.0008617102781922771
XGBoost,42,52,,0.0008556894482559173
XGBoost,42,53,,0.0008497995741850856
XGBoost,42,54,,0.0008446197241051178
XGBoost,42,55,,0.0008397567403397879
XGBoost,42,56,,0.0008355276550315063
XGBoost,42,57,,0.0008317244517294103
XGBoost,42,58,,0.0008279896525443199
XGBoost,42,59,,0.0008247281927938652
XGBoost,42,60,,0.0008218660589309182
XGBoost,42,61,,0.0008195475069912111
XGBoost,42,62,,0.0008172063379103923
XGBoost,42,63,,0.0008150081063569083
XGBoost,42,64,,0.0008129546479126947
XGBoost,42,65,,0.0008111989878311881
XGBoost,42,66,,0.0008096489771394263
XGBoost,42,67,,0.0008080289425562395
XGBoost,42,68,,0.0008063860611277459
XGBoost,42,69,,0.0008053222187316958
XGBoost,42,70,,0.0008040608159891247
XGBoost,42,71,,0.0008028421509195551
XGBoost,42,72,,0.0008017631173362636
XGBoost,42,73,,0.0008008421376533789
XGBoost,42,74,,0.0008000897863728602
XGBoost,42,75,,0.0007991069105420808
XGBoost,42,76,,0.0007983519227980318
XGBoost,42,77,,0.000797594546012004
XGBoost,42,78,,0.0007968608967256765
XGBoost,42,79,,0.0007961045237583591
XGBoost,42,80,,0.0007956467263942139
XGBoost,42,81,,0.0007951304407696454
XGBoost,42,82,,0.0007945559760781665
XGBoost,42,83,,0.0007939636188197313
XGBoost,42,84,,0.0007932862119403278
XGBoost,42,85,,0.0007927247524606666
XGBoost,42,86,,0.0007923587505982932
XGBoost,42,87,,0.0007919644639442397
XGBoost,42,88,,0.0007915263183518983
XGBoost,42,89,,0.0007912907741584246
XGBoost,42,90,,0.0007909373813251814
XGBoost,42,91,,0.0007904210531224062
XGBoost,42,92,,0.0007901138085758872
XGBoost,42,93,,0.0007897508265435819
XGBoost,42,94,,0.0007894568793753113
XGBoost,42,95,,0.0007891653239885751
XGBoost,42,96,,0.0007888640759683279
XGBoost,42,97,,0.0007884264531213694
XGBoost,42,98,,0.0007883044859059024
XGBoost,42,99,,0.0007878806201557077
XGBoost,42,100,,0.000787628886430652
Transformer,42,1,0.006474521139406467,0.0012970697411458145
Transformer,42,2,0.0017555914098428024,0.001744367623821924
Transformer,42,3,0.0016400400885927967,0.0014340680111180532
Transformer,42,4,0.001529852375943089,0.0016170507464803598
Transformer,42,5,0.001490611890466063,0.001179566672839965
Transformer,42,6,0.0014441276345219343,0.0011141488975539926
Transformer,42,7,0.001366029011774497,0.0013987084582710895
Transformer,42,8,0.0013413482375640386,0.0010125001967711885
Transformer,42,9,0.0013902363983857738,0.0014301880141605668
Transformer,42,10,0.0012968529243900283,0.001145757710770847
Transformer,42,11,0.0013001002369263425,0.0011233252159444584
Transformer,42,12,0.0012660599021358202,0.0010722031080656394
Transformer,42,13,0.0012517978862974803,0.0012783650042857502
Transformer,42,14,0.001224739333541397,0.0013478156697452565
Transformer,42,15,0.0012004788372773766,0.0009849919277585882
Transformer,42,16,0.0012050177810345871,0.0010675700070321194
Transformer,42,17,0.001191640117311344,0.0009814614595747056
Transformer,42,18,0.0011754197399430927,0.0010123201026857953
Transformer,42,19,0.0011518221988347616,0.0010519938592462167
Transformer,42,20,0.0011391875778653364,0.0014771343411085268
Transformer,42,21,0.0011464448071006282,0.0011560836347732713
Transformer,42,22,0.0011199343896416904,0.000931776813186083
Transformer,42,23,0.0011160030503668834,0.0010209957538299037
Transformer,42,24,0.0011078990808923187,0.0009797665940569742
Transformer,42,25,0.0010964153795245061,0.001083128085215843
Transformer,42,26,0.0010953140936516678,0.0009081328746896227
Transformer,42,27,0.0010703891631328028,0.0009451528213041277
Transformer,42,28,0.0010609059379454095,0.0009733690127237036
Transformer,42,29,0.001075566204763595,0.0009008927621477194
Transformer,42,30,0.0010510257040535443,0.0010892872568114935
Transformer,42,31,0.0010522527105900686,0.0015291275082491948
Transformer,42,32,0.0010396540034402623,0.0010150794782259522
Transformer,42,33,0.0010350454059489262,0.001053582859565752
Transformer,42,34,0.0010382235330232996,0.0009389269947800518
Transformer,42,35,0.0010358033084479326,0.000911502081016508
Transformer,42,36,0.0010331154156110937,0.0011577453447809275
Transformer,42,37,0.001019803261154609,0.0009640864681998329
Transformer,42,38,0.0010078894988577993,0.0010861795707882505
Transformer,42,39,0.001022659044364867,0.0008624528061653884
Transformer,42,40,0.0010129825749906336,0.0010415021911956233
Transformer,42,41,0.001012391836037196,0.001028963608643876
Transformer,42,42,0.0010037814147595117,0.0011392160626066887
Transformer,42,43,0.000994437532261892,0.0011014619575406435
Transformer,42,44,0.001009698974917968,0.0009149100231700343
Transformer,42,45,0.0009980472478708015,0.0009559422804636225
Transformer,42,46,0.0009870275589059989,0.000993637718432287
Transformer,42,47,0.0009833152513732363,0.001170332021501963
Transformer,42,48,0.0009699074225152106,0.0011165009967185812
Transformer,42,49,0.0009813296279244177,0.0009201548695511787
