model,seed,device,batch_size,repeats,parameters,model_size_bytes,scope,latency_mean_ms,latency_std_ms,latency_median_ms,latency_p95_ms,throughput_samples_per_second
LSTM,42,cuda,1,500,88714.0,357680,model_only,0.4141448,0.10640297900360536,0.45985,0.58733,2414.6144053963735
LSTM,42,cuda,1,500,88714.0,357680,end_to_end,0.42221720000000007,0.1722570162968318,0.3568,0.654105,2368.4492247118305
LSTM,42,cuda,64,200,88714.0,357680,model_only,0.538739,0.09849680442231126,0.5026999999999999,0.74302,118795.92901200768
LSTM,42,cuda,64,200,88714.0,357680,end_to_end,0.6238335,0.09453370422193134,0.59405,0.7665299999999999,102591.47673217292
XGBoost,42,cuda,1,500,,24383030,end_to_end,4.2460218,0.2882480982018685,4.178850000000001,4.713335,235.51457036796182
XGBoost,42,cuda,64,200,,24383030,end_to_end,6.51995,0.2643589048107966,6.4885,7.02288,9816.026196519912
Transformer,42,cuda,1,500,104330.0,433242,model_only,1.4303874,0.4116991832591273,1.3712,2.3324049999999987,699.1113036929715
Transformer,42,cuda,1,500,104330.0,433242,end_to_end,1.5541644000000001,0.3987274456121736,1.5203000000000002,2.255105,643.4325737997858
Transformer,42,cuda,64,200,104330.0,433242,model_only,1.4399485,0.44008982043213624,1.3598,2.2928799999999985,44446.03400746624
Transformer,42,cuda,64,200,104330.0,433242,end_to_end,1.492645,0.44277010593370314,1.45755,2.4455949999999995,42876.90643120099
