n_past,n_future,mse,rmse,r2,mape_percent,epochs,training_seconds,seed,hidden_dim,batch_size,learning_rate
20,10,0.19192902743816376,0.4380970525330703,0.8609519004821777,0.758839538320899,43,153.69435689999955,42,64,64,0.005
20,15,0.28846320509910583,0.5370877070824707,0.7910026907920837,0.9708601050078869,21,81.1832622999791,42,64,64,0.005
20,20,0.40962833166122437,0.6400221337275956,0.7033060789108276,1.1485767550766468,28,99.01165129995206,42,64,64,0.005
20,25,0.5479837656021118,0.74025925566798,0.6032155156135559,1.381069142371416,34,128.480234299961,42,64,64,0.005
20,30,0.6464028358459473,0.8039918132953514,0.5320940017700195,1.5314707532525063,25,92.1382596999756,42,64,64,0.005
30,10,0.1862174570560455,0.4315292076511687,0.8651226162910461,0.756718497723341,35,147.46524689998478,42,64,64,0.005
30,15,0.28445038199424744,0.5333388997572251,0.7940349578857422,0.9123781695961952,31,125.42766200000187,42,64,64,0.005
30,20,0.41332384943962097,0.6429026749358109,0.7008109092712402,1.145717315375805,25,105.83400759997312,42,64,64,0.005
30,25,0.5384507775306702,0.7337920533302812,0.610354483127594,1.3472236692905426,28,116.1761282000225,42,64,64,0.005
30,30,0.6622170805931091,0.8137672152360951,0.5209375023841858,1.566280610859394,21,88.87449569994351,42,64,64,0.005
40,10,0.18434609472751617,0.42935544101305645,0.8665590286254883,0.7619555108249187,30,132.06188069999916,42,64,64,0.005
40,15,0.2842775881290436,0.5331768825906124,0.7942848205566406,0.9013781324028969,39,181.13532170001417,42,64,64,0.005
40,20,0.4016965329647064,0.6337953399676479,0.7094038724899292,1.1268122121691704,29,136.30114130000584,42,64,64,0.005
40,25,0.5222440361976624,0.722664539186518,0.6223117113113403,1.3186372816562653,25,112.19335200003115,42,64,64,0.005
40,30,0.6710019707679749,0.8191470995907725,0.5148668885231018,1.582404039800167,16,70.77558489999501,42,64,64,0.005
50,10,0.18130074441432953,0.425794251269706,0.8688430190086365,0.7377448957413435,29,131.90334439999424,42,64,64,0.005
50,15,0.2814643383026123,0.5305321274933426,0.7964442372322083,0.9227336384356022,27,125.51054110005498,42,64,64,0.005
50,20,0.41716107726097107,0.6458800796285414,0.6983933448791504,1.1296937242150307,33,146.11414710001554,42,64,64,0.005
50,25,0.556445837020874,0.7459529723922775,0.5977717638015747,1.3764429837465286,29,126.66662550001638,42,64,64,0.005
50,30,0.6481782793998718,0.8050951989670985,0.5315571427345276,1.5212493017315865,23,96.89180729998043,42,64,64,0.005
60,10,0.18416868150234222,0.42914878713837956,0.8668464422225952,0.7588365580886602,33,148.18102699995507,42,64,64,0.005
60,15,0.2905222475528717,0.5390011572834252,0.7899953126907349,0.9646912105381489,19,89.02193149999948,42,64,64,0.005
60,20,0.4212070107460022,0.6490046307585194,0.6955908536911011,1.1558848433196545,23,107.37918899999931,42,64,64,0.005
60,25,0.5481587648391724,0.740377447549,0.6039217710494995,1.3691834174096584,25,147.18994170002406,42,64,64,0.005
60,30,0.6529819965362549,0.8080730143596275,0.5283239483833313,1.5251381322741508,19,93.74943869997514,42,64,64,0.005
