Group,Ratio (%),Val_R2_mean,Val_R2_std,Test_R2_mean,Test_R2_std,Val_MSE_mean,Val_MSE_std,Test_MSE_mean,Test_MSE_std,Val_MAPE_mean,Val_MAPE_std,Test_MAPE_mean,Test_MAPE_std,Val_RMSE_mean,Val_RMSE_std,Test_RMSE_mean,Test_RMSE_std
012,10,0.2811014719539012,0.0018278046594448652,0.11232405056786143,0.0018714647791366165,1.2486860298681,0.003174793179476709,1.5630478555916363,0.0032953343072053367,0.021167294015168748,2.5183360026591103e-05,0.023431267416243497,2.8040821373495754e-05,1.1174453058983134,0.0014206315233268572,1.2502184283746827,0.0013179317033426264
012,20,0.3808975995640359,0.005353629728905149,0.22800248397444225,0.00736448605188715,1.075345807958898,0.009298951647236844,1.3593576154876614,0.012967619702100208,0.019466494610065842,0.00011574115473171144,0.021543827635222137,0.00012655005821153156,1.03697910690304,0.004487739461211896,1.1659016358775627,0.005566951201932657
012,30,0.5011746959182982,0.0010404460648282994,0.3800498028043585,0.0015415930980752625,0.8664313032389271,0.0018071958910716157,1.09162789294917,0.0027144858297477696,0.01724043519697909,3.551295146346966e-05,0.019074874357074636,3.579880323430014e-05,0.9308224113924108,0.0009704063811456399,1.0448091727525894,0.0012982608442351114
012,40,0.5275242521058505,0.0027804113047003557,0.4137260700044669,0.003726685665044736,0.8206636163943781,0.004829416973356234,1.0323296577484378,0.00656206585402995,0.016726435112666877,6.597719948061511e-05,0.018506903538094494,6.993579672848008e-05,0.9059009456972426,0.002663264767135987,1.016031124809739,0.003226633895248414
012,50,0.6260130302711846,0.0023816407950367127,0.545512523541987,0.0029349298793334764,0.6495941864317327,0.0041367751816228735,0.8002759069065657,0.005167917253068123,0.015122657082841903,3.382845916835491e-05,0.016680013549997215,2.6149441242955514e-05,0.8059699902967485,0.0025614786338774755,0.8945767697329284,0.0028827002558227026
012,60,0.6465179053304008,0.0033030995653524496,0.5751524457870545,0.004274461844842778,0.6139783797055405,0.005737296880728215,0.748084995420575,0.007526607456993566,0.014694106154889332,6.725690606046028e-05,0.016217170072017045,6.456322572516887e-05,0.7835591790842371,0.0036595871866916614,0.8649081315848031,0.00434963665835665
012,70,0.6564420130693308,0.001198267264972064,0.5889935214560003,0.0017384604832453878,0.5967407665945658,0.0020813223778404113,0.7237131921096178,0.0030611361410723585,0.014520767574022214,3.271469422856588e-05,0.016027751533286994,3.4085476011413103e-05,0.7724888033768467,0.0013473128713266923,0.8507114399478615,0.001799458655720438
012,80,0.6558987228031519,0.0018378114679019233,0.5882584191495864,0.0025253962453281927,0.5976844310187853,0.0031921744390514917,0.725007583474412,0.004446797492153073,0.014518751772965646,4.382194979290652e-05,0.0160175696494117,4.492644130331892e-05,0.7730977757639413,0.0020640076627803086,0.8514697704282238,0.00261027226932526
01,10,0.4464243398300042,0.005722996711981696,0.30326022017601045,0.007558465167383448,0.9615295710898426,0.009940521178497119,1.2268414160099208,0.013309184256935806,0.01812064914186331,9.999931298616032e-05,0.020429094554197964,0.00011066956613083253,0.9805630260763568,0.005071782903544105,1.1076124329689485,0.006009520989856443
01,20,0.6391760339146918,0.01657629353705848,0.5769980539649,0.03567252676544201,0.6267307945627535,0.028792083109385008,0.7448351902337955,0.06281331211004278,0.01480282856139698,0.0001981565978379605,0.015974070219281787,0.0005349645844674866,0.7914544528996359,0.018183606575469847,0.8622666621245358,0.03648826691426758
01,30,0.7254541998191908,0.0058178392544931505,0.700078654341295,0.012026497439842255,0.4768705065741242,0.010105257303626049,0.5281109806770035,0.021176636638233947,0.01285363390470835,0.000163594222462536,0.013522705351315601,0.0002171160306328755,0.69051877918415,0.007370357396722139,0.7265641822804997,0.014678886336240982
01,40,0.7458384836723673,0.004898030697128964,0.7305750876503978,0.01089024354187738,0.4414641599433864,0.008507601930961017,0.47441189745020174,0.019175884877686896,0.01221823120368493,0.00017630184454499597,0.012741711974725378,0.00021208457626787863,0.664396659894867,0.006421702572587906,0.6886339316666544,0.01397160003461921
01,50,0.8204340663406521,0.006773973386125996,0.8327316687155261,0.007764102318369448,0.3118958574168505,0.011766008141571083,0.29453136213709696,0.0136712766489672,0.009494751412864067,0.00021623960280737917,0.009529046597135733,0.00027284914058262755,0.5583767605190674,0.010547546116638742,0.5425629075723404,0.012524115287912816
01,60,0.8316749809366589,0.003917846763047923,0.8440981695392022,0.005849465148375018,0.292371025369797,0.006805077948174901,0.27451686839149825,0.010299923032019188,0.009063592749004997,9.645939817069149e-05,0.009117873911314836,0.0001827622595782906,0.5406769630350892,0.006280685706971196,0.5238519843458496,0.009796269106854282
01,70,0.8304468447518166,0.0034231617958400966,0.8383605604071971,0.006939320920044301,0.29450422836988677,0.005945838175606373,0.2846198318160912,0.012218975505955854,0.009160976848688555,9.155112339656768e-05,0.009399301941938396,0.0001787920430698195,0.542655078106945,0.005449272853527232,0.5333745050121969,0.011466002750969876
01,80,0.8377524096862065,0.004030366534789189,0.8431632718604909,0.005363439775329557,0.2818148758145816,0.007000518419362306,0.2761630657598534,0.009444114200442996,0.008918470915046507,0.0001244970970278196,0.009192551424742986,0.00016857742847480175,0.5308216454272628,0.006576971983740408,0.5254359757563865,0.008949924066025667
0,10,0.3698319864613001,0.013264592072877671,0.1846896551808369,0.016670063763083928,1.0945661512399816,0.02303984521754284,1.4356242127845256,0.02935317492169605,0.01957505714524794,0.00018149852245394544,0.022127940025053434,0.00022995439687495802,1.0461566100528539,0.011067903265848335,1.1981120030708425,0.012322373233217252
0,20,0.6957102110460612,0.006574293439357528,0.6598300612723398,0.01934807303728905,0.5285341305830732,0.011419175382499614,0.5989819749032811,0.03406869825651051,0.013196828426711429,0.0001494836370715748,0.014269608215929739,0.00034785472208809297,0.7269612351526729,0.007841757989983041,0.773627676334476,0.021958900532593393
0,30,0.8010435382041342,0.005850962165491055,0.8162066411582494,0.004574752888657579,0.34557610664707517,0.010162789924180996,0.3236291527255627,0.008055369413863511,0.010300910207729977,0.00019984801012849483,0.010355682320873598,0.00018808096583835602,0.5877929097359867,0.008694935950152206,0.5688399802026344,0.007087287818991433
0,40,0.8141226694499941,0.006568833518992642,0.822826193200968,0.004779258770979191,0.32285839638286723,0.011409691810037217,0.3119732363610749,0.008415469832291161,0.010050880171791446,0.0001686193874158148,0.010071915054393692,0.0002220290523571442,0.5681152461104404,0.010171701909755379,0.558494541011636,0.007555396831195605
0,50,0.8220991830874347,0.000584499494883853,0.8480972869126046,0.0008401993307388275,0.3090036439281711,0.0010152425206796335,0.2674750961786155,0.0014794495254951575,0.009982877056160737,1.6594008576470803e-05,0.009332462560178096,3.3409067602642246e-05,0.5558802125062203,0.0009128374501481016,0.5171779677440498,0.001430335188009814
0,60,0.8596806409088453,0.0011014899332198894,0.8727978231879039,0.000918276099936192,0.24372678004138976,0.00191322563337317,0.22398161155534915,0.0016169295673319657,0.008727940049854577,5.077236422362396e-05,0.008319257526947956,3.138084037696751e-05,0.493683106462781,0.0019417607082714786,0.4732638827705249,0.0017055264043827256
0,70,0.8579041440180522,0.0024525586537738407,0.8702857246613824,0.003671318872380491,0.24681245453242892,0.004259955485961306,0.22840499400412004,0.006464574256335844,0.00879898679746281,6.891743400324336e-05,0.008376184323096333,0.00011254704138633695,0.49678376685322545,0.004282933988410177,0.4778699227992857,0.0067328216911458775
0,80,0.8663966667867153,0.002746792596790466,0.8739316098439944,0.003191728819611196,0.2320614234399204,0.004771023181643533,0.22198520419224063,0.005620096940009187,0.008419696953175636,9.642685075938047e-05,0.008171981497562044,0.00010463403505276985,0.48170203361744307,0.004957242049779363,0.47111564264154016,0.005937630056618311
no,10,0.21413792025943748,0.003604230548311364,0.05292411411598565,0.009619870091058897,1.364997926817575,0.00626034434419048,1.6676411402838465,0.01693897117131394,0.02215823390238442,6.325346380530432e-05,0.024415264347656725,0.00013101935697508693,1.168328189744407,0.0026772870842493323,1.291355219767117,0.006544972426824373
no,20,0.6972614770801366,0.003662847888430909,0.6475848538228683,0.0036213702473242466,0.5258396693346639,0.006362159344304882,0.6205437230360487,0.00637662313933878,0.0135920749229692,9.395579983978248e-05,0.014824979655006823,7.23049092726263e-05,0.7251347972019464,0.004381235163263293,0.7877355736368069,0.004048340788452205
no,30,0.7923865879944828,0.0018235431462167617,0.7679737404363418,0.0026855015312080613,0.36061273889256806,0.0031673911723416382,0.4085591681107606,0.004728715937643815,0.010297641610264053,5.800932517330747e-05,0.011623844827921953,6.540498379358335e-05,0.6005046172439392,0.002635063809107153,0.6391755567972834,0.003711563503860389
no,40,0.800170276987162,0.004630485098492793,0.7914815150225245,0.0054523044429849446,0.34709291192559255,0.008042890378027901,0.3671659359519196,0.00960058991470052,0.010060980530751325,0.00013760947764477718,0.010908603792478317,0.00019382120857768027,0.5891063619544628,0.006826875593561026,0.6058902523785088,0.007933348891007382
no,50,0.8205353108784464,0.009820310704342345,0.8300487995297242,0.011553672285745286,0.31172000138847916,0.01705732354022864,0.299255442957787,0.020344071169209135,0.009832201073641715,0.00021014567718444745,0.009770065505519942,0.00027785049040090235,0.5581083473635118,0.015332122868304645,0.5467240692924024,0.018661056083284416
no,60,0.8403863106399188,0.0035025538310124106,0.8491774530305267,0.005562483484679976,0.27723993902357746,0.006083737644495107,0.2655731055531162,0.009794596652139704,0.009189630554564347,0.00013837815505589023,0.009322844969823968,0.00013417350289344818,0.5265042586917186,0.005762343539001015,0.5152505707248525,0.0094844568020562
no,70,0.8545072865365995,0.01161596878992242,0.8596032920607672,0.020180386574466583,0.252712603603635,0.020176279941457737,0.24721495881118177,0.035534262227571674,0.008893785338870372,0.0003157708924175041,0.008870898690179266,0.0006300704561319115,0.5022949120935858,0.020308246810888362,0.49590699454391685,0.03593343253296838
no,80,0.8772092745852536,0.0028080030778810587,0.8816524991066398,0.0022493231893876467,0.21328053604379038,0.004877342320767539,0.20839001845699712,0.003960679333436944,0.008125475088821122,0.0001034034508132931,0.008126521128340064,9.826454763672333e-05,0.4617932784360647,0.005244428954769226,0.4564770060944866,0.0043314390231325205
