n_past,n_future,r2,mse,source_csv
20,10,0.8481096625328064,0.2096552848815918,exps\exp_20241127_172907\metrics_results_n_past_20_n_future_10_20241127_172907.csv
20,15,0.7625358700752258,0.32775378227233887,exps\exp_20241127_173921\metrics_results_n_past_20_n_future_15_20241127_173921.csv
20,20,0.7023440599441528,0.4109565317630768,exps\exp_20241127_174708\metrics_results_n_past_20_n_future_20_20241127_174708.csv
20,25,0.5992727279663086,0.5534290075302124,exps\exp_20241127_175826\metrics_results_n_past_20_n_future_25_20241127_175826.csv
20,30,0.5266709327697754,0.6538947820663452,exps\exp_20241127_180852\metrics_results_n_past_20_n_future_30_20241127_180852.csv
30,10,0.852016866,0.204311863,exps\exp_20241127_181629\metrics_results_n_past_30_n_future_10_20241127_181629.csv
30,15,0.7654126882553101,0.3239794969558716,exps\exp_20241127_182845\metrics_results_n_past_30_n_future_15_20241127_182845.csv
30,20,0.6703276634216309,0.4554358124732971,exps\exp_20241127_183919\metrics_results_n_past_30_n_future_20_20241127_183919.csv
30,25,0.5893577933311462,0.5674660801887512,exps\exp_20241127_185102\metrics_results_n_past_30_n_future_25_20241127_185102.csv
30,30,0.4861322045326233,0.7103290557861328,exps\exp_20241127_185820\metrics_results_n_past_30_n_future_30_20241127_185820.csv
40,10,0.8337099552154541,0.2297264188528061,exps\exp_20241127_190857\metrics_results_n_past_40_n_future_10_20241127_190857.csv
40,15,0.738154411315918,0.36184418201446533,exps\exp_20241127_192544\metrics_results_n_past_40_n_future_15_20241127_192544.csv
40,20,0.6629219651222229,0.46594929695129395,exps\exp_20241127_193824\metrics_results_n_past_40_n_future_20_20241127_193824.csv
40,25,0.5358743071556091,0.6417643427848816,exps\exp_20241127_195011\metrics_results_n_past_40_n_future_25_20241127_195011.csv
40,30,0.472331166267395,0.7298344373703003,exps\exp_20241127_200011\metrics_results_n_past_40_n_future_30_20241127_200011.csv
50,10,0.8411530256271362,0.21957716345787048,exps\exp_20241127_200902\metrics_results_n_past_50_n_future_10_20241127_200902.csv
50,15,0.7744849920272827,0.31182825565338135,exps\exp_20241127_202610\metrics_results_n_past_50_n_future_15_20241127_202610.csv
50,20,0.6606326103210449,0.46938908100128174,exps\exp_20241127_203817\metrics_results_n_past_50_n_future_20_20241127_203817.csv
50,25,0.5586208701133728,0.6106075644493103,exps\exp_20241127_205008\metrics_results_n_past_50_n_future_25_20241127_205008.csv
50,30,0.4968302845954895,0.6962293386459351,exps\exp_20241127_210032\metrics_results_n_past_50_n_future_30_20241127_210032.csv
60,10,0.8556499481201172,0.19965486228466034,exps\exp_20241127_210940\metrics_results_n_past_60_n_future_10_20241127_210940.csv
60,15,0.7455216646194458,0.3520474433898926,exps\exp_20241127_212514\metrics_results_n_past_60_n_future_15_20241127_212514.csv
60,20,0.6638386249542236,0.4651421010494232,exps\exp_20241127_214140\metrics_results_n_past_60_n_future_20_20241127_214140.csv
60,25,0.5840736627578735,0.5756278038024902,exps\exp_20241127_215440\metrics_results_n_past_60_n_future_25_20241127_215440.csv
60,30,0.4936349391937256,0.7010049223899841,exps\exp_20241127_220713\metrics_results_n_past_60_n_future_30_20241127_220713.csv
