epoch,train_scaled_mse,validation_last_scaled_mse
1,0.009895313353587737,0.003192169824615121
2,0.0027943981939521443,0.0024629465769976377
3,0.002143556905604333,0.0028040187899023294
4,0.0018881711130888104,0.002995322458446026
5,0.0017584261117934374,0.001959432614967227
6,0.0016471138443272578,0.002166284713894129
7,0.0015719581116044855,0.001923945383168757
8,0.0015075701042200032,0.0018663570517674088
9,0.0014451896246686,0.0017580855637788773
10,0.0013990414620835103,0.0017860495718196034
11,0.001356068200344568,0.002154816873371601
12,0.0012956192403096682,0.0017864926485344768
13,0.0012775102588855117,0.00196500844322145
14,0.0012614974816637728,0.0018807456362992525
15,0.0012249474007152024,0.001975619699805975
16,0.0012276165355302989,0.001769726281054318
17,0.0011630766310225969,0.0017503263661637902
18,0.0011760107128932255,0.002013669814914465
19,0.0011318294447644293,0.0018622367642819881
20,0.0011143161008399793,0.0018849688349291682
21,0.001100253725703956,0.0017840164946392179
22,0.001058842578282562,0.0018004633020609617
23,0.001043256092987278,0.0018528715008869767
24,0.0010455616785900739,0.0017865013796836138
25,0.0010073168272997429,0.0017747075762599707
26,0.0010293377273189806,0.0019428764935582876
27,0.0009756562561877462,0.001964335795491934
